{"trial_id": "0024", "hyperparameters": {"space": [{"class_name": "Choice", "config": {"name": "activation", "default": "relu", "conditions": [], "values": ["relu", "tanh", "sigmoid"], "ordered": false}}, {"class_name": "Int", "config": {"name": "first_units", "default": null, "conditions": [], "min_value": 1, "max_value": 43, "step": 5, "sampling": "linear"}}, {"class_name": "Int", "config": {"name": "num_layers", "default": null, "conditions": [], "min_value": 1, "max_value": 6, "step": 1, "sampling": "linear"}}, {"class_name": "Int", "config": {"name": "units_0", "default": null, "conditions": [], "min_value": 1, "max_value": 43, "step": 6, "sampling": "linear"}}, {"class_name": "Int", "config": {"name": "units_1", "default": null, "conditions": [], "min_value": 1, "max_value": 43, "step": 6, "sampling": "linear"}}, {"class_name": "Int", "config": {"name": "units_2", "default": null, "conditions": [], "min_value": 1, "max_value": 43, "step": 6, "sampling": "linear"}}, {"class_name": "Int", "config": {"name": "units_3", "default": null, "conditions": [], "min_value": 1, "max_value": 43, "step": 6, "sampling": "linear"}}, {"class_name": "Int", "config": {"name": "units_4", "default": null, "conditions": [], "min_value": 1, "max_value": 43, "step": 6, "sampling": "linear"}}, {"class_name": "Int", "config": {"name": "units_5", "default": null, "conditions": [], "min_value": 1, "max_value": 43, "step": 6, "sampling": "linear"}}], "values": {"activation": "tanh", "first_units": 6, "num_layers": 4, "units_0": 31, "units_1": 1, "units_2": 43, "units_3": 31, "units_4": 19, "units_5": 31, "tuner/epochs": 10, "tuner/initial_epoch": 4, "tuner/bracket": 1, "tuner/round": 1, "tuner/trial_id": "0019"}}, "metrics": {"metrics": {"loss": {"direction": "min", "observations": [{"value": [0.5584846138954163], "step": 2}]}, "accuracy": {"direction": "max", "observations": [{"value": [0.7281526923179626], "step": 2}]}, "val_loss": {"direction": "min", "observations": [{"value": [0.5697168111801147], "step": 2}]}, "val_accuracy": {"direction": "max", "observations": [{"value": [0.7315452098846436], "step": 2}]}}}, "score": 0.7315452098846436, "best_step": 2, "status": "COMPLETED", "message": null}