{"trial_id": "0012", "hyperparameters": {"space": [{"class_name": "Choice", "config": {"name": "activation", "default": "relu", "conditions": [], "values": ["relu", "tanh", "sigmoid"], "ordered": false}}, {"class_name": "Int", "config": {"name": "first_units", "default": null, "conditions": [], "min_value": 1, "max_value": 43, "step": 5, "sampling": "linear"}}, {"class_name": "Int", "config": {"name": "num_layers", "default": null, "conditions": [], "min_value": 1, "max_value": 6, "step": 1, "sampling": "linear"}}, {"class_name": "Int", "config": {"name": "units_0", "default": null, "conditions": [], "min_value": 1, "max_value": 43, "step": 6, "sampling": "linear"}}, {"class_name": "Int", "config": {"name": "units_1", "default": null, "conditions": [], "min_value": 1, "max_value": 43, "step": 6, "sampling": "linear"}}, {"class_name": "Int", "config": {"name": "units_2", "default": null, "conditions": [], "min_value": 1, "max_value": 43, "step": 6, "sampling": "linear"}}, {"class_name": "Int", "config": {"name": "units_3", "default": null, "conditions": [], "min_value": 1, "max_value": 43, "step": 6, "sampling": "linear"}}, {"class_name": "Int", "config": {"name": "units_4", "default": null, "conditions": [], "min_value": 1, "max_value": 43, "step": 6, "sampling": "linear"}}, {"class_name": "Int", "config": {"name": "units_5", "default": null, "conditions": [], "min_value": 1, "max_value": 43, "step": 6, "sampling": "linear"}}], "values": {"activation": "tanh", "first_units": 36, "num_layers": 6, "units_0": 1, "units_1": 31, "units_2": 1, "units_3": 1, "units_4": 37, "units_5": 19, "tuner/epochs": 4, "tuner/initial_epoch": 2, "tuner/bracket": 2, "tuner/round": 1, "tuner/trial_id": "0011"}}, "metrics": {"metrics": {"loss": {"direction": "min", "observations": [{"value": [0.575365424156189], "step": 1}]}, "accuracy": {"direction": "max", "observations": [{"value": [0.7297854423522949], "step": 1}]}, "val_loss": {"direction": "min", "observations": [{"value": [0.5781203508377075], "step": 1}]}, "val_accuracy": {"direction": "max", "observations": [{"value": [0.7287463545799255], "step": 1}]}}}, "score": 0.7287463545799255, "best_step": 1, "status": "COMPLETED", "message": null}