{"trial_id": "0016", "hyperparameters": {"space": [{"class_name": "Choice", "config": {"name": "activation", "default": "relu", "conditions": [], "values": ["relu", "tanh", "sigmoid"], "ordered": false}}, {"class_name": "Int", "config": {"name": "first_units", "default": null, "conditions": [], "min_value": 1, "max_value": 43, "step": 5, "sampling": "linear"}}, {"class_name": "Int", "config": {"name": "num_layers", "default": null, "conditions": [], "min_value": 1, "max_value": 6, "step": 1, "sampling": "linear"}}, {"class_name": "Int", "config": {"name": "units_0", "default": null, "conditions": [], "min_value": 1, "max_value": 43, "step": 6, "sampling": "linear"}}, {"class_name": "Int", "config": {"name": "units_1", "default": null, "conditions": [], "min_value": 1, "max_value": 43, "step": 6, "sampling": "linear"}}, {"class_name": "Int", "config": {"name": "units_2", "default": null, "conditions": [], "min_value": 1, "max_value": 43, "step": 6, "sampling": "linear"}}, {"class_name": "Int", "config": {"name": "units_3", "default": null, "conditions": [], "min_value": 1, "max_value": 43, "step": 6, "sampling": "linear"}}, {"class_name": "Int", "config": {"name": "units_4", "default": null, "conditions": [], "min_value": 1, "max_value": 43, "step": 6, "sampling": "linear"}}, {"class_name": "Int", "config": {"name": "units_5", "default": null, "conditions": [], "min_value": 1, "max_value": 43, "step": 6, "sampling": "linear"}}], "values": {"activation": "tanh", "first_units": 21, "num_layers": 5, "units_0": 37, "tuner/epochs": 10, "tuner/initial_epoch": 4, "tuner/bracket": 2, "tuner/round": 2, "units_1": 1, "units_2": 1, "units_3": 1, "units_4": 1, "tuner/trial_id": "0014", "units_5": 37}}, "metrics": {"metrics": {"loss": {"direction": "min", "observations": [{"value": [0.5693506598472595], "step": 2}]}, "accuracy": {"direction": "max", "observations": [{"value": [0.7306795120239258], "step": 2}]}, "val_loss": {"direction": "min", "observations": [{"value": [0.5678832530975342], "step": 2}]}, "val_accuracy": {"direction": "max", "observations": [{"value": [0.729912519454956], "step": 2}]}}}, "score": 0.729912519454956, "best_step": 2, "status": "COMPLETED", "message": null}