{"trial_id": "0075", "hyperparameters": {"space": [{"class_name": "Choice", "config": {"name": "activation", "default": "relu", "conditions": [], "values": ["relu", "tanh", "sigmoid"], "ordered": false}}, {"class_name": "Int", "config": {"name": "first_units", "default": null, "conditions": [], "min_value": 1, "max_value": 43, "step": 5, "sampling": "linear"}}, {"class_name": "Int", "config": {"name": "num_layers", "default": null, "conditions": [], "min_value": 1, "max_value": 6, "step": 1, "sampling": "linear"}}, {"class_name": "Int", "config": {"name": "units_0", "default": null, "conditions": [], "min_value": 1, "max_value": 43, "step": 6, "sampling": "linear"}}, {"class_name": "Int", "config": {"name": "units_1", "default": null, "conditions": [], "min_value": 1, "max_value": 43, "step": 6, "sampling": "linear"}}, {"class_name": "Int", "config": {"name": "units_2", "default": null, "conditions": [], "min_value": 1, "max_value": 43, "step": 6, "sampling": "linear"}}, {"class_name": "Int", "config": {"name": "units_3", "default": null, "conditions": [], "min_value": 1, "max_value": 43, "step": 6, "sampling": "linear"}}, {"class_name": "Int", "config": {"name": "units_4", "default": null, "conditions": [], "min_value": 1, "max_value": 43, "step": 6, "sampling": "linear"}}, {"class_name": "Int", "config": {"name": "units_5", "default": null, "conditions": [], "min_value": 1, "max_value": 43, "step": 6, "sampling": "linear"}}], "values": {"activation": "sigmoid", "first_units": 26, "num_layers": 6, "units_0": 25, "units_1": 43, "units_2": 19, "units_3": 7, "units_4": 19, "units_5": 37, "tuner/epochs": 4, "tuner/initial_epoch": 2, "tuner/bracket": 2, "tuner/round": 1, "tuner/trial_id": "0064"}}, "metrics": {"metrics": {"loss": {"direction": "min", "observations": [{"value": [0.5746090412139893], "step": 1}]}, "accuracy": {"direction": "max", "observations": [{"value": [0.7297465205192566], "step": 1}]}, "val_loss": {"direction": "min", "observations": [{"value": [0.5776124596595764], "step": 1}]}, "val_accuracy": {"direction": "max", "observations": [{"value": [0.7271137237548828], "step": 1}]}}}, "score": 0.7271137237548828, "best_step": 1, "status": "COMPLETED", "message": null}