{"trial_id": "0007", "hyperparameters": {"space": [{"class_name": "Choice", "config": {"name": "activation", "default": "relu", "conditions": [], "values": ["relu", "tanh", "sigmoid"], "ordered": false}}, {"class_name": "Int", "config": {"name": "first_units", "default": null, "conditions": [], "min_value": 1, "max_value": 43, "step": 5, "sampling": "linear"}}, {"class_name": "Int", "config": {"name": "num_layers", "default": null, "conditions": [], "min_value": 1, "max_value": 6, "step": 1, "sampling": "linear"}}, {"class_name": "Int", "config": {"name": "units_0", "default": null, "conditions": [], "min_value": 1, "max_value": 43, "step": 6, "sampling": "linear"}}, {"class_name": "Int", "config": {"name": "units_1", "default": null, "conditions": [], "min_value": 1, "max_value": 43, "step": 6, "sampling": "linear"}}, {"class_name": "Int", "config": {"name": "units_2", "default": null, "conditions": [], "min_value": 1, "max_value": 43, "step": 6, "sampling": "linear"}}, {"class_name": "Int", "config": {"name": "units_3", "default": null, "conditions": [], "min_value": 1, "max_value": 43, "step": 6, "sampling": "linear"}}, {"class_name": "Int", "config": {"name": "units_4", "default": null, "conditions": [], "min_value": 1, "max_value": 43, "step": 6, "sampling": "linear"}}], "values": {"activation": "relu", "first_units": 41, "num_layers": 1, "units_0": 1, "units_1": 43, "units_2": 25, "units_3": 13, "units_4": 25, "tuner/epochs": 2, "tuner/initial_epoch": 0, "tuner/bracket": 2, "tuner/round": 0}}, "metrics": {"metrics": {"loss": {"direction": "min", "observations": [{"value": [0.6056966185569763], "step": 1}]}, "accuracy": {"direction": "max", "observations": [{"value": [0.6978697180747986], "step": 1}]}, "val_loss": {"direction": "min", "observations": [{"value": [0.6067386269569397], "step": 1}]}, "val_accuracy": {"direction": "max", "observations": [{"value": [0.6931778192520142], "step": 1}]}}}, "score": 0.6931778192520142, "best_step": 1, "status": "COMPLETED", "message": null}