{"trial_id": "0021", "hyperparameters": {"space": [{"class_name": "Choice", "config": {"name": "activation", "default": "relu", "conditions": [], "values": ["relu", "tanh", "sigmoid"], "ordered": false}}, {"class_name": "Int", "config": {"name": "first_units", "default": null, "conditions": [], "min_value": 1, "max_value": 43, "step": 5, "sampling": "linear"}}, {"class_name": "Int", "config": {"name": "num_layers", "default": null, "conditions": [], "min_value": 1, "max_value": 6, "step": 1, "sampling": "linear"}}, {"class_name": "Int", "config": {"name": "units_0", "default": null, "conditions": [], "min_value": 1, "max_value": 43, "step": 6, "sampling": "linear"}}, {"class_name": "Int", "config": {"name": "units_1", "default": null, "conditions": [], "min_value": 1, "max_value": 43, "step": 6, "sampling": "linear"}}, {"class_name": "Int", "config": {"name": "units_2", "default": null, "conditions": [], "min_value": 1, "max_value": 43, "step": 6, "sampling": "linear"}}, {"class_name": "Int", "config": {"name": "units_3", "default": null, "conditions": [], "min_value": 1, "max_value": 43, "step": 6, "sampling": "linear"}}, {"class_name": "Int", "config": {"name": "units_4", "default": null, "conditions": [], "min_value": 1, "max_value": 43, "step": 6, "sampling": "linear"}}, {"class_name": "Int", "config": {"name": "units_5", "default": null, "conditions": [], "min_value": 1, "max_value": 43, "step": 6, "sampling": "linear"}}], "values": {"activation": "relu", "first_units": 16, "num_layers": 6, "units_0": 31, "units_1": 25, "units_2": 1, "units_3": 43, "units_4": 31, "units_5": 1, "tuner/epochs": 4, "tuner/initial_epoch": 0, "tuner/bracket": 1, "tuner/round": 0}}, "metrics": {"metrics": {"loss": {"direction": "min", "observations": [{"value": [0.5668764710426331], "step": 2}]}, "accuracy": {"direction": "max", "observations": [{"value": [0.7236044406890869], "step": 2}]}, "val_loss": {"direction": "min", "observations": [{"value": [0.5645826458930969], "step": 2}]}, "val_accuracy": {"direction": "max", "observations": [{"value": [0.7279300093650818], "step": 2}]}}}, "score": 0.7279300093650818, "best_step": 2, "status": "COMPLETED", "message": null}