{"trial_id": "0045", "hyperparameters": {"space": [{"class_name": "Choice", "config": {"name": "activation", "default": "relu", "conditions": [], "values": ["relu", "tanh", "sigmoid"], "ordered": false}}, {"class_name": "Int", "config": {"name": "first_units", "default": null, "conditions": [], "min_value": 1, "max_value": 43, "step": 5, "sampling": "linear"}}, {"class_name": "Int", "config": {"name": "num_layers", "default": null, "conditions": [], "min_value": 1, "max_value": 6, "step": 1, "sampling": "linear"}}, {"class_name": "Int", "config": {"name": "units_0", "default": null, "conditions": [], "min_value": 1, "max_value": 43, "step": 6, "sampling": "linear"}}, {"class_name": "Int", "config": {"name": "units_1", "default": null, "conditions": [], "min_value": 1, "max_value": 43, "step": 6, "sampling": "linear"}}, {"class_name": "Int", "config": {"name": "units_2", "default": null, "conditions": [], "min_value": 1, "max_value": 43, "step": 6, "sampling": "linear"}}, {"class_name": "Int", "config": {"name": "units_3", "default": null, "conditions": [], "min_value": 1, "max_value": 43, "step": 6, "sampling": "linear"}}, {"class_name": "Int", "config": {"name": "units_4", "default": null, "conditions": [], "min_value": 1, "max_value": 43, "step": 6, "sampling": "linear"}}, {"class_name": "Int", "config": {"name": "units_5", "default": null, "conditions": [], "min_value": 1, "max_value": 43, "step": 6, "sampling": "linear"}}], "values": {"activation": "sigmoid", "first_units": 31, "num_layers": 4, "units_0": 1, "units_1": 19, "units_2": 37, "units_3": 19, "units_4": 19, "units_5": 1, "tuner/epochs": 4, "tuner/initial_epoch": 2, "tuner/bracket": 2, "tuner/round": 1, "tuner/trial_id": "0039"}}, "metrics": {"metrics": {"loss": {"direction": "min", "observations": [{"value": [0.5759217143058777], "step": 0}]}, "accuracy": {"direction": "max", "observations": [{"value": [0.7298243045806885], "step": 0}]}, "val_loss": {"direction": "min", "observations": [{"value": [0.5763679146766663], "step": 0}]}, "val_accuracy": {"direction": "max", "observations": [{"value": [0.7294460535049438], "step": 0}]}}}, "score": 0.7294460535049438, "best_step": 0, "status": "COMPLETED", "message": null}