{"trial_id": "0119", "hyperparameters": {"space": [{"class_name": "Choice", "config": {"name": "activation", "default": "relu", "conditions": [], "values": ["relu", "tanh", "sigmoid"], "ordered": false}}, {"class_name": "Int", "config": {"name": "first_units", "default": null, "conditions": [], "min_value": 1, "max_value": 43, "step": 5, "sampling": "linear"}}, {"class_name": "Int", "config": {"name": "num_layers", "default": null, "conditions": [], "min_value": 1, "max_value": 6, "step": 1, "sampling": "linear"}}, {"class_name": "Int", "config": {"name": "units_0", "default": null, "conditions": [], "min_value": 1, "max_value": 43, "step": 6, "sampling": "linear"}}, {"class_name": "Int", "config": {"name": "units_1", "default": null, "conditions": [], "min_value": 1, "max_value": 43, "step": 6, "sampling": "linear"}}, {"class_name": "Int", "config": {"name": "units_2", "default": null, "conditions": [], "min_value": 1, "max_value": 43, "step": 6, "sampling": "linear"}}, {"class_name": "Int", "config": {"name": "units_3", "default": null, "conditions": [], "min_value": 1, "max_value": 43, "step": 6, "sampling": "linear"}}, {"class_name": "Int", "config": {"name": "units_4", "default": null, "conditions": [], "min_value": 1, "max_value": 43, "step": 6, "sampling": "linear"}}, {"class_name": "Int", "config": {"name": "units_5", "default": null, "conditions": [], "min_value": 1, "max_value": 43, "step": 6, "sampling": "linear"}}], "values": {"activation": "relu", "first_units": 1, "num_layers": 2, "units_0": 7, "units_1": 43, "units_2": 7, "units_3": 25, "units_4": 7, "units_5": 19, "tuner/epochs": 10, "tuner/initial_epoch": 0, "tuner/bracket": 0, "tuner/round": 0}}, "metrics": {"metrics": {"loss": {"direction": "min", "observations": [{"value": [0.5784050822257996], "step": 8}]}, "accuracy": {"direction": "max", "observations": [{"value": [0.7269476056098938], "step": 8}]}, "val_loss": {"direction": "min", "observations": [{"value": [0.5798020362854004], "step": 8}]}, "val_accuracy": {"direction": "max", "observations": [{"value": [0.724781334400177], "step": 8}]}}}, "score": 0.724781334400177, "best_step": 8, "status": "COMPLETED", "message": null}