{"trial_id": "0106", "hyperparameters": {"space": [{"class_name": "Choice", "config": {"name": "activation", "default": "relu", "conditions": [], "values": ["relu", "tanh", "sigmoid"], "ordered": false}}, {"class_name": "Int", "config": {"name": "first_units", "default": null, "conditions": [], "min_value": 1, "max_value": 43, "step": 5, "sampling": "linear"}}, {"class_name": "Int", "config": {"name": "num_layers", "default": null, "conditions": [], "min_value": 1, "max_value": 6, "step": 1, "sampling": "linear"}}, {"class_name": "Int", "config": {"name": "units_0", "default": null, "conditions": [], "min_value": 1, "max_value": 43, "step": 6, "sampling": "linear"}}, {"class_name": "Int", "config": {"name": "units_1", "default": null, "conditions": [], "min_value": 1, "max_value": 43, "step": 6, "sampling": "linear"}}, {"class_name": "Int", "config": {"name": "units_2", "default": null, "conditions": [], "min_value": 1, "max_value": 43, "step": 6, "sampling": "linear"}}, {"class_name": "Int", "config": {"name": "units_3", "default": null, "conditions": [], "min_value": 1, "max_value": 43, "step": 6, "sampling": "linear"}}, {"class_name": "Int", "config": {"name": "units_4", "default": null, "conditions": [], "min_value": 1, "max_value": 43, "step": 6, "sampling": "linear"}}, {"class_name": "Int", "config": {"name": "units_5", "default": null, "conditions": [], "min_value": 1, "max_value": 43, "step": 6, "sampling": "linear"}}], "values": {"activation": "relu", "first_units": 16, "num_layers": 2, "units_0": 31, "units_1": 37, "units_2": 25, "units_3": 13, "units_4": 7, "units_5": 37, "tuner/epochs": 10, "tuner/initial_epoch": 4, "tuner/bracket": 2, "tuner/round": 2, "tuner/trial_id": "0103"}}, "metrics": {"metrics": {"loss": {"direction": "min", "observations": [{"value": [0.5473218560218811], "step": 4}]}, "accuracy": {"direction": "max", "observations": [{"value": [0.7326620817184448], "step": 4}]}, "val_loss": {"direction": "min", "observations": [{"value": [0.5544478893280029], "step": 4}]}, "val_accuracy": {"direction": "max", "observations": [{"value": [0.7316617965698242], "step": 4}]}}}, "score": 0.7316617965698242, "best_step": 4, "status": "COMPLETED", "message": null}