{"trial_id": "0055", "hyperparameters": {"space": [{"class_name": "Choice", "config": {"name": "activation", "default": "relu", "conditions": [], "values": ["relu", "tanh", "sigmoid"], "ordered": false}}, {"class_name": "Int", "config": {"name": "first_units", "default": null, "conditions": [], "min_value": 1, "max_value": 43, "step": 5, "sampling": "linear"}}, {"class_name": "Int", "config": {"name": "num_layers", "default": null, "conditions": [], "min_value": 1, "max_value": 6, "step": 1, "sampling": "linear"}}, {"class_name": "Int", "config": {"name": "units_0", "default": null, "conditions": [], "min_value": 1, "max_value": 43, "step": 6, "sampling": "linear"}}, {"class_name": "Int", "config": {"name": "units_1", "default": null, "conditions": [], "min_value": 1, "max_value": 43, "step": 6, "sampling": "linear"}}, {"class_name": "Int", "config": {"name": "units_2", "default": null, "conditions": [], "min_value": 1, "max_value": 43, "step": 6, "sampling": "linear"}}, {"class_name": "Int", "config": {"name": "units_3", "default": null, "conditions": [], "min_value": 1, "max_value": 43, "step": 6, "sampling": "linear"}}, {"class_name": "Int", "config": {"name": "units_4", "default": null, "conditions": [], "min_value": 1, "max_value": 43, "step": 6, "sampling": "linear"}}, {"class_name": "Int", "config": {"name": "units_5", "default": null, "conditions": [], "min_value": 1, "max_value": 43, "step": 6, "sampling": "linear"}}], "values": {"activation": "tanh", "first_units": 41, "num_layers": 2, "units_0": 19, "units_1": 7, "units_2": 1, "units_3": 25, "units_4": 43, "units_5": 13, "tuner/epochs": 10, "tuner/initial_epoch": 4, "tuner/bracket": 1, "tuner/round": 1, "tuner/trial_id": "0050"}}, "metrics": {"metrics": {"loss": {"direction": "min", "observations": [{"value": [0.5460788607597351], "step": 5}]}, "accuracy": {"direction": "max", "observations": [{"value": [0.7337894439697266], "step": 5}]}, "val_loss": {"direction": "min", "observations": [{"value": [0.5528357028961182], "step": 5}]}, "val_accuracy": {"direction": "max", "observations": [{"value": [0.7322449088096619], "step": 5}]}}}, "score": 0.7322449088096619, "best_step": 5, "status": "COMPLETED", "message": null}