{"trial_id": "0077", "hyperparameters": {"space": [{"class_name": "Choice", "config": {"name": "activation", "default": "relu", "conditions": [], "values": ["relu", "tanh", "sigmoid"], "ordered": false}}, {"class_name": "Int", "config": {"name": "first_units", "default": null, "conditions": [], "min_value": 1, "max_value": 43, "step": 5, "sampling": "linear"}}, {"class_name": "Int", "config": {"name": "num_layers", "default": null, "conditions": [], "min_value": 1, "max_value": 6, "step": 1, "sampling": "linear"}}, {"class_name": "Int", "config": {"name": "units_0", "default": null, "conditions": [], "min_value": 1, "max_value": 43, "step": 6, "sampling": "linear"}}, {"class_name": "Int", "config": {"name": "units_1", "default": null, "conditions": [], "min_value": 1, "max_value": 43, "step": 6, "sampling": "linear"}}, {"class_name": "Int", "config": {"name": "units_2", "default": null, "conditions": [], "min_value": 1, "max_value": 43, "step": 6, "sampling": "linear"}}, {"class_name": "Int", "config": {"name": "units_3", "default": null, "conditions": [], "min_value": 1, "max_value": 43, "step": 6, "sampling": "linear"}}, {"class_name": "Int", "config": {"name": "units_4", "default": null, "conditions": [], "min_value": 1, "max_value": 43, "step": 6, "sampling": "linear"}}, {"class_name": "Int", "config": {"name": "units_5", "default": null, "conditions": [], "min_value": 1, "max_value": 43, "step": 6, "sampling": "linear"}}], "values": {"activation": "relu", "first_units": 26, "num_layers": 3, "units_0": 19, "units_1": 19, "units_2": 13, "units_3": 31, "units_4": 31, "units_5": 19, "tuner/epochs": 10, "tuner/initial_epoch": 4, "tuner/bracket": 2, "tuner/round": 2, "tuner/trial_id": "0074"}}, "metrics": {"metrics": {"loss": {"direction": "min", "observations": [{"value": [0.5473277568817139], "step": 3}]}, "accuracy": {"direction": "max", "observations": [{"value": [0.7322733402252197], "step": 3}]}, "val_loss": {"direction": "min", "observations": [{"value": [0.5539100766181946], "step": 3}]}, "val_accuracy": {"direction": "max", "observations": [{"value": [0.7316617965698242], "step": 3}]}}}, "score": 0.7316617965698242, "best_step": 3, "status": "COMPLETED", "message": null}