{"trial_id": "0014", "hyperparameters": {"space": [{"class_name": "Choice", "config": {"name": "activation", "default": "relu", "conditions": [], "values": ["relu", "tanh", "sigmoid"], "ordered": false}}, {"class_name": "Int", "config": {"name": "first_units", "default": null, "conditions": [], "min_value": 1, "max_value": 43, "step": 5, "sampling": "linear"}}, {"class_name": "Int", "config": {"name": "num_layers", "default": null, "conditions": [], "min_value": 1, "max_value": 6, "step": 1, "sampling": "linear"}}, {"class_name": "Int", "config": {"name": "units_0", "default": null, "conditions": [], "min_value": 1, "max_value": 43, "step": 6, "sampling": "linear"}}, {"class_name": "Int", "config": {"name": "units_1", "default": null, "conditions": [], "min_value": 1, "max_value": 43, "step": 6, "sampling": "linear"}}, {"class_name": "Int", "config": {"name": "units_2", "default": null, "conditions": [], "min_value": 1, "max_value": 43, "step": 6, "sampling": "linear"}}, {"class_name": "Int", "config": {"name": "units_3", "default": null, "conditions": [], "min_value": 1, "max_value": 43, "step": 6, "sampling": "linear"}}, {"class_name": "Int", "config": {"name": "units_4", "default": null, "conditions": [], "min_value": 1, "max_value": 43, "step": 6, "sampling": "linear"}}, {"class_name": "Int", "config": {"name": "units_5", "default": null, "conditions": [], "min_value": 1, "max_value": 43, "step": 6, "sampling": "linear"}}], "values": {"activation": "tanh", "first_units": 21, "num_layers": 5, "units_0": 37, "tuner/epochs": 4, "tuner/initial_epoch": 2, "tuner/bracket": 2, "tuner/round": 1, "units_1": 1, "units_2": 1, "units_3": 1, "units_4": 1, "tuner/trial_id": "0000", "units_5": 37}}, "metrics": {"metrics": {"loss": {"direction": "min", "observations": [{"value": [0.5753208994865417], "step": 0}]}, "accuracy": {"direction": "max", "observations": [{"value": [0.7293189167976379], "step": 0}]}, "val_loss": {"direction": "min", "observations": [{"value": [0.5754823088645935], "step": 0}]}, "val_accuracy": {"direction": "max", "observations": [{"value": [0.7297959327697754], "step": 0}]}}}, "score": 0.7297959327697754, "best_step": 0, "status": "COMPLETED", "message": null}